51,202,汎用マーカー。,https://drive.google.com/uc?id=12ABSroW53JYmEiq9HqCjXSUxckJrHp9_
51,223,汎用マーカー。,https://drive.google.com/uc?id=1pv-Pz4KXD42BEf7hriZbWA-3nw5q6YOs
51,221,汎用マーカー。,https://drive.google.com/uc?id=1G2MkdX0zHDD0KV4F1C5eUviR5gX_VUVp
51,193,汎用マーカー。,https://drive.google.com/uc?id=1lFqf9PgHewW1Isz8HGBNmj2ef01UVcdm
51,198,汎用マーカー。,https://drive.google.com/uc?id=1_-a-nmA1QM9u54cqlFgXDwPtfr2I2abu
51,42,汎用マーカー。,https://drive.google.com/uc?id=1Loro8gOUeJeOkf1_S2jMzfn_ZMmT3bmj
51,135,汎用マーカー。,https://drive.google.com/uc?id=14o1SGt65qljGAky5cBFojBqlZOWKdy53
50,63,汎用マーカー。,https://drive.google.com/uc?id=1NIVOUb_6LRzsI4RP8VKVTJsJtIR1gxKQ
50,24,汎用マーカー。,https://drive.google.com/uc?id=1z9ZGvMN9Zda25sGFsNbW5fHJ5KtjDgA_
50,26,汎用マーカー。,https://drive.google.com/uc?id=1QsWeZ0Uko2nGGMtk3ggdxSXbRXmL3nO6
50,22,汎用マーカー。,https://drive.google.com/uc?id=1H-kINWI_eD5dSm5GjNLJODcVYDrPPHg8
50,16,前半用。,https://drive.google.com/uc?id=1I3wRSbrHB4s5orHjnivjhHScsHUb9Ho8
50,16,後半用。,https://drive.google.com/uc?id=1eS-4uRlRXK1zPDJqwO_Spg69ZRPDq-vh
50,18,汎用マーカー。,https://drive.google.com/uc?id=1A4ygTBkeHrc5Z6PrsH4mvDPTklDnIn0F
50,38,汎用マーカー。,https://drive.google.com/uc?id=1ctxeVEQM6OBeHPDzyWtzk5HLbHJaPf0N
50,127,汎用マーカー。,https://drive.google.com/uc?id=12ddH5eTxmt1hdiVCGuV04ALpxOpuJLMv
50,90,汎用マーカー。,https://drive.google.com/uc?id=1RSZEEOXTP4cG5Jcki6TwIa-G4BFZwozB
50,86,汎用マーカー。,https://drive.google.com/uc?id=1VcmUzbXvVjPNSQgUGAVEuahCD3K30wPs
